"Identifiant du Tweet","Permalien du Tweet","Texte du Tweet","heure","impressions","engagements","taux d’engagement","Retweets","réponses","J'aime","clics sur le profil de l'utilisateur","clics sur l'URL","clics sur le hashtag","ouvertures des détails","clics sur le permalien","ouvertures d'application","installations de l'application","abonnements ","envoyer le Tweet par email","composer le numéro","vues du média","engagements avec le média","impressions sponsorisé","engagements sponsorisé","taux d’engagement sponsorisé","Retweets sponsorisé","réponses sponsorisé","J'aime sponsorisé","clics sur le profil de l'utilisateur sponsorisé","clics sur l'URL sponsorisé","clics sur le hashtag sponsorisé","ouvertures des détails sponsorisé","clics sur le permalien sponsorisé","ouvertures d'application sponsorisé","installations de l'application sponsorisé","abonnements  sponsorisé","envoyer le Tweet par email sponsorisé","composer le numéro sponsorisé","vues du média sponsorisé","engagements avec le média sponsorisé"
"812619505776099328","https://twitter.com/DataBzh/status/812619505776099328","#Datasnack #41 — Murs d'expression libre à Rennes https://t.co/KIoXRMcYHZ","2016-12-24 11:22 +0000","435.0","6.0","0.013793103448275862","0.0","0.0","0.0","0.0","4.0","0.0","2.0","0.0","0","0","0","0","0","0","0","-","-","-","-","-","-","-","-","-","-","-","-","-","-","-","-","-","-"
"812345875708215296","https://twitter.com/DataBzh/status/812345875708215296","#MachineLearning et #DeepLearning, comment ça marche ? https://t.co/LktzCbT6Qe via @Siecledigital","2016-12-23 17:15 +0000","390.0","3.0","0.007692307692307693","0.0","0.0","0.0","0.0","2.0","1.0","0.0","0.0","0","0","0","0","0","0","0","-","-","-","-","-","-","-","-","-","-","-","-","-","-","-","-","-","-"
"812294273366376448","https://twitter.com/DataBzh/status/812294273366376448","Tree Troubles - Predicting Sidewalk Damage Resulting From Trees In #NYC : https://t.co/Lv00huD435","2016-12-23 13:50 +0000","337.0","0.0","0.0","0.0","0.0","0.0","0.0","0.0","0.0","0.0","0.0","0","0","0","0","0","0","0","-","-","-","-","-","-","-","-","-","-","-","-","-","-","-","-","-","-"
"812287025806241792","https://twitter.com/DataBzh/status/812287025806241792","Un mois à #Rennes — Juin 2016 https://t.co/9eiNBYcKZn #socialmedia","2016-12-23 13:21 +0000","465.0","6.0","0.012903225806451613","0.0","0.0","1.0","0.0","5.0","0.0","0.0","0.0","0","0","0","0","0","0","0","-","-","-","-","-","-","-","-","-","-","-","-","-","-","-","-","-","-"
"812263371844239360","https://twitter.com/DataBzh/status/812263371844239360","Christmas #Data and Topic Modeling : https://t.co/TK4rGpRNzx via @dataiku","2016-12-23 11:47 +0000","836.0","2.0","0.0023923444976076554","0.0","0.0","0.0","1.0","1.0","0.0","0.0","0.0","0","0","0","0","0","0","0","-","-","-","-","-","-","-","-","-","-","-","-","-","-","-","-","-","-"
"812248938015322112","https://twitter.com/DataBzh/status/812248938015322112","MENESR : Fête de la Science et Référentiels en #OpenData : https://t.co/Jw4BVAeCnY via @opendatasoft","2016-12-23 10:50 +0000","1032.0","16.0","0.015503875968992248","3.0","1.0","3.0","0.0","5.0","0.0","4.0","0.0","0","0","0","0","0","0","0","-","-","-","-","-","-","-","-","-","-","-","-","-","-","-","-","-","-"
"812203630879195136","https://twitter.com/DataBzh/status/812203630879195136","#DataScience — A non-comprehensive list of awesome things other people did in 2016 : https://t.co/l80pbhAe2v","2016-12-23 07:50 +0000","270.0","1.0","0.003703703703703704","0.0","0.0","0.0","0.0","1.0","0.0","0.0","0.0","0","0","0","0","0","0","0","-","-","-","-","-","-","-","-","-","-","-","-","-","-","-","-","-","-"
"811977191126929408","https://twitter.com/DataBzh/status/811977191126929408","#RStats — An Interview With Ron Pearson, author of Data Visualization in R https://t.co/O2h6gBEMUZ via @DataCamp","2016-12-22 16:50 +0000","444.0","1.0","0.0022522522522522522","0.0","0.0","1.0","0.0","0.0","0.0","0.0","0.0","0","0","0","0","0","0","0","-","-","-","-","-","-","-","-","-","-","-","-","-","-","-","-","-","-"
"811954749935415297","https://twitter.com/DataBzh/status/811954749935415297","Data Bzh sur Twitter — Octobre 2016 https://t.co/cWVj2qyVo6 #opensocialdata","2016-12-22 15:21 +0000","368.0","1.0","0.002717391304347826","0.0","0.0","0.0","0.0","1.0","0.0","0.0","0.0","0","0","0","0","0","0","0","-","-","-","-","-","-","-","-","-","-","-","-","-","-","-","-","-","-"
"811947748324950016","https://twitter.com/DataBzh/status/811947748324950016","Datasnack #41 — Murs d’expression libre à Rennes https://t.co/KIoXRMcYHZ https://t.co/uf9MwfnHOF","2016-12-22 14:53 +0000","426.0","2.0","0.004694835680751174","1.0","0.0","0.0","0.0","1.0","0.0","0.0","0.0","0","0","0","0","0","0","0","-","-","-","-","-","-","-","-","-","-","-","-","-","-","-","-","-","-"
"811934693557932032","https://twitter.com/DataBzh/status/811934693557932032","#RStats — A Simple Example of Using replyr::gapply : https://t.co/rKlZwYU4mN via @WinVectorLLC","2016-12-22 14:01 +0000","427.0","0.0","0.0","0.0","0.0","0.0","0.0","0.0","0.0","0.0","0.0","0","0","0","0","0","0","0","-","-","-","-","-","-","-","-","-","-","-","-","-","-","-","-","-","-"
"811887824672870400","https://twitter.com/DataBzh/status/811887824672870400","Noël — 3 façons dont le Père Noël utilise le #BigData : https://t.co/wwt9UcDhZi","2016-12-22 10:55 +0000","667.0","4.0","0.005997001499250375","2.0","0.0","0.0","0.0","2.0","0.0","0.0","0.0","0","0","0","0","0","0","0","-","-","-","-","-","-","-","-","-","-","-","-","-","-","-","-","-","-"
"811872677455654912","https://twitter.com/DataBzh/status/811872677455654912","#RStats for Enterprise: How to Scale Your Analytics Using R : https://t.co/Ag6jFhNvFw via @rstudio","2016-12-22 09:55 +0000","374.0","1.0","0.00267379679144385","0.0","0.0","0.0","0.0","1.0","0.0","0.0","0.0","0","0","0","0","0","0","0","-","-","-","-","-","-","-","-","-","-","-","-","-","-","-","-","-","-"
"811845025382432769","https://twitter.com/DataBzh/status/811845025382432769","30 Top Videos, Tutorials &amp; Courses on #MachineLearning &amp; Artificial Intelligence from 2016 : https://t.co/hrCczeWZcJ","2016-12-22 08:05 +0000","366.0","3.0","0.00819672131147541","1.0","0.0","1.0","0.0","1.0","0.0","0.0","0.0","0","0","0","0","0","0","0","-","-","-","-","-","-","-","-","-","-","-","-","-","-","-","-","-","-"
"811623092845940736","https://twitter.com/DataBzh/status/811623092845940736","RT @data2b: Premier événement #Data du #GrandOuest: 
@DataBzh, @data2b et #DataThursday ont besoin de vos réponses:
https://t.co/39PF9QDp6D","2016-12-21 17:23 +0000","448.0","6.0","0.013392857142857142","2.0","0.0","1.0","0.0","1.0","1.0","1.0","0.0","0","0","0","0","0","0","0","-","-","-","-","-","-","-","-","-","-","-","-","-","-","-","-","-","-"
"811622542209323014","https://twitter.com/DataBzh/status/811622542209323014","#Datasnack #23 — Nombre annuel de mariages à Saint-Malo https://t.co/hBBVMtfX9W","2016-12-21 17:21 +0000","344.0","3.0","0.00872093023255814","0.0","0.0","1.0","0.0","1.0","0.0","1.0","0.0","0","0","0","0","0","0","0","-","-","-","-","-","-","-","-","-","-","-","-","-","-","-","-","-","-"
"811617723834859526","https://twitter.com/DataBzh/status/811617723834859526","Les stratégies #opendata des 20 plus grandes villes françaises : https://t.co/Yv9TV7dVDV via @journaldunet","2016-12-21 17:01 +0000","872.0","5.0","0.005733944954128441","2.0","0.0","0.0","1.0","2.0","0.0","0.0","0.0","0","0","0","0","0","0","0","-","-","-","-","-","-","-","-","-","-","-","-","-","-","-","-","-","-"
"811617291842555904","https://twitter.com/DataBzh/status/811617291842555904","Statistiques — 3 livres à lire en décembre https://t.co/LX0gVjSi6f https://t.co/lfgkudRfrN","2016-12-21 17:00 +0000","589.0","12.0","0.02037351443123939","2.0","0.0","2.0","1.0","7.0","0.0","0.0","0.0","0","0","0","0","0","0","0","-","-","-","-","-","-","-","-","-","-","-","-","-","-","-","-","-","-"
"811570737622425600","https://twitter.com/DataBzh/status/811570737622425600","RT @VincentBroute: Intéressé pour avoir un événement ""Breizh Data Science"" en Bretagne ? Répondez au sondage :  https://t.co/yQTuH2Y0A1","2016-12-21 13:55 +0000","585.0","4.0","0.006837606837606838","1.0","0.0","1.0","1.0","1.0","0.0","0.0","0.0","0","0","0","0","0","0","0","-","-","-","-","-","-","-","-","-","-","-","-","-","-","-","-","-","-"
"811525424807350272","https://twitter.com/DataBzh/status/811525424807350272","#RStats — ggtree version of plotTree : https://t.co/ddWqYjBHH6","2016-12-21 10:55 +0000","279.0","1.0","0.0035842293906810036","0.0","0.0","1.0","0.0","0.0","0.0","0.0","0.0","0","0","0","0","0","0","0","-","-","-","-","-","-","-","-","-","-","-","-","-","-","-","-","-","-"
"811498970291798016","https://twitter.com/DataBzh/status/811498970291798016","New Facebook Group — #DataScience Portfolios : https://t.co/Kk9aGYJCDx via @AriLamstein","2016-12-21 09:10 +0000","313.0","2.0","0.006389776357827476","0.0","0.0","0.0","0.0","1.0","1.0","0.0","0.0","0","0","0","0","0","0","0","-","-","-","-","-","-","-","-","-","-","-","-","-","-","-","-","-","-"
"811480107558825984","https://twitter.com/DataBzh/status/811480107558825984","#RStats graphs and tables in #PowerBI Desktop : https://t.co/vktvPceZfz via @tomaz_tsql","2016-12-21 07:55 +0000","283.0","1.0","0.0035335689045936395","0.0","0.0","1.0","0.0","0.0","0.0","0.0","0.0","0","0","0","0","0","0","0","-","-","-","-","-","-","-","-","-","-","-","-","-","-","-","-","-","-"
"811290332310765569","https://twitter.com/DataBzh/status/811290332310765569","#DataScience — 3 livres à lire en juillet https://t.co/ARAxypbD9y #lecture","2016-12-20 19:21 +0000","275.0","3.0","0.01090909090909091","0.0","0.0","1.0","0.0","2.0","0.0","0.0","0.0","0","0","0","0","0","0","0","-","-","-","-","-","-","-","-","-","-","-","-","-","-","-","-","-","-"
"811285689778237440","https://twitter.com/DataBzh/status/811285689778237440","#RStats — languagelayeR : accéder à l'API languagelayer avec R : https://t.co/0gTFgbQ7nu via @_colinfay","2016-12-20 19:02 +0000","342.0","0.0","0.0","0.0","0.0","0.0","0.0","0.0","0.0","0.0","0.0","0","0","0","0","0","0","0","-","-","-","-","-","-","-","-","-","-","-","-","-","-","-","-","-","-"
"811252425952808962","https://twitter.com/DataBzh/status/811252425952808962","#RStats — Package update: longurl 0.3.0 is hitting CRAN mirrors : https://t.co/96tcvQnCKp via @hrbrmstr","2016-12-20 16:50 +0000","265.0","0.0","0.0","0.0","0.0","0.0","0.0","0.0","0.0","0.0","0.0","0","0","0","0","0","0","0","-","-","-","-","-","-","-","-","-","-","-","-","-","-","-","-","-","-"
"811205859913170944","https://twitter.com/DataBzh/status/811205859913170944","How different companies think about #DataScience : https://t.co/gyYZi4PEr1 via @DataconomyMedia","2016-12-20 13:45 +0000","247.0","1.0","0.004048582995951417","0.0","0.0","0.0","0.0","1.0","0.0","0.0","0.0","0","0","0","0","0","0","0","-","-","-","-","-","-","-","-","-","-","-","-","-","-","-","-","-","-"
"811165567403040768","https://twitter.com/DataBzh/status/811165567403040768","""Top 30 #DataScience Articles of the Year"" on Data Science Central: https://t.co/DJcJpERtZd","2016-12-20 11:05 +0000","216.0","1.0","0.004629629629629629","0.0","0.0","1.0","0.0","0.0","0.0","0.0","0.0","0","0","0","0","0","0","0","-","-","-","-","-","-","-","-","-","-","-","-","-","-","-","-","-","-"
"811119144192110592","https://twitter.com/DataBzh/status/811119144192110592","RT @data2b: Premier événement #Data du #GrandOuest: 
@DataBzh, @data2b et #DataThursday ont besoin de vos réponses:
https://t.co/HcjyRYTIZp","2016-12-20 08:00 +0000","729.0","6.0","0.00823045267489712","2.0","0.0","0.0","1.0","3.0","0.0","0.0","0.0","0","0","0","0","0","0","0","-","-","-","-","-","-","-","-","-","-","-","-","-","-","-","-","-","-"
"811088895458865152","https://twitter.com/DataBzh/status/811088895458865152","#RStats — Speed Up Your Code: Parallel Processing with multidplyr : https://t.co/UlnvX8UUv3","2016-12-20 06:00 +0000","258.0","1.0","0.003875968992248062","0.0","0.0","0.0","0.0","1.0","0.0","0.0","0.0","0","0","0","0","0","0","0","-","-","-","-","-","-","-","-","-","-","-","-","-","-","-","-","-","-"
"810957897932873728","https://twitter.com/DataBzh/status/810957897932873728","#Datasnack #27 — Production régionale d'électricité annuelle par filière (2008 à 2015) https://t.co/sjGktI3gsu","2016-12-19 21:20 +0000","332.0","3.0","0.009036144578313253","1.0","0.0","1.0","0.0","0.0","0.0","1.0","0.0","0","0","0","0","0","0","0","-","-","-","-","-","-","-","-","-","-","-","-","-","-","-","-","-","-"
"810925196014223361","https://twitter.com/DataBzh/status/810925196014223361","@PierreAllee @Uxlco0 Météo France propose ses bulletins en payant...","2016-12-19 19:10 +0000","126.0","1.0","0.007936507936507936","0.0","0.0","0.0","0.0","0.0","0.0","1.0","0.0","0","0","0","0","0","0","0","-","-","-","-","-","-","-","-","-","-","-","-","-","-","-","-","-","-"
"810918570536435713","https://twitter.com/DataBzh/status/810918570536435713","@PierreAllee @Uxlco0 Rennes publie des forecasts : https://t.co/GMRnQHTgSC
Ils ont peut-être des archives en stock ? (poke @metropolerennes)","2016-12-19 18:43 +0000","141.0","3.0","0.02127659574468085","0.0","1.0","1.0","0.0","1.0","0.0","0.0","0.0","0","0","0","0","0","0","0","-","-","-","-","-","-","-","-","-","-","-","-","-","-","-","-","-","-"
"810896329304133632","https://twitter.com/DataBzh/status/810896329304133632","Great list of resources: #datascience, visualization, #machinelearning, #bigdata : https://t.co/upcFtRyMS0","2016-12-19 17:15 +0000","200.0","2.0","0.01","0.0","0.0","0.0","0.0","1.0","1.0","0.0","0.0","0","0","0","0","0","0","0","-","-","-","-","-","-","-","-","-","-","-","-","-","-","-","-","-","-"
"810893035949199360","https://twitter.com/DataBzh/status/810893035949199360","Démographie bretonne, volet 3 : les accouchements https://t.co/FAFHdgc4F6 https://t.co/fSDTkML33V","2016-12-19 17:02 +0000","289.0","1.0","0.0034602076124567475","0.0","0.0","0.0","0.0","0.0","0.0","0.0","0.0","0","0","0","0","0","1","1","-","-","-","-","-","-","-","-","-","-","-","-","-","-","-","-","-","-"
"810845980652404736","https://twitter.com/DataBzh/status/810845980652404736","RT @RomainVallee: Un résumé concis et efficace de la matinale #BigData de Rennes Atalante https://t.co/WjqoMbnKSb #Banque #Assurance","2016-12-19 13:55 +0000","381.0","3.0","0.007874015748031496","1.0","0.0","0.0","0.0","2.0","0.0","0.0","0.0","0","0","0","0","0","0","0","-","-","-","-","-","-","-","-","-","-","-","-","-","-","-","-","-","-"
"810804435354091524","https://twitter.com/DataBzh/status/810804435354091524","#RStats Learning Path: From beginner to expert in R in 7 steps https://t.co/2o4JrEbyvb","2016-12-19 11:10 +0000","330.0","4.0","0.012121212121212121","1.0","0.0","1.0","0.0","2.0","0.0","0.0","0.0","0","0","0","0","0","0","0","-","-","-","-","-","-","-","-","-","-","-","-","-","-","-","-","-","-"
"810776352974639104","https://twitter.com/DataBzh/status/810776352974639104","@arzikrules bonjour, l'enseignement est un sujet trop large pour être traité en un seul article. D'autres volets sont en préparation ;)","2016-12-19 09:18 +0000","77.0","2.0","0.025974025974025976","0.0","0.0","1.0","0.0","0.0","0.0","1.0","0.0","0","0","0","0","0","0","0","-","-","-","-","-","-","-","-","-","-","-","-","-","-","-","-","-","-"
"810755331685044224","https://twitter.com/DataBzh/status/810755331685044224","The four eras of #data : https://t.co/FGIKevj3Jh","2016-12-19 07:55 +0000","180.0","0.0","0.0","0.0","0.0","0.0","0.0","0.0","0.0","0.0","0.0","0","0","0","0","0","0","0","-","-","-","-","-","-","-","-","-","-","-","-","-","-","-","-","-","-"
"810727647282155520","https://twitter.com/DataBzh/status/810727647282155520","RT @LucileBunouf: La communauté data science du Grand Ouest a besoin de votre avis : https://t.co/QrrIQc7s4z https://t.co/acCeEWE85G","2016-12-19 06:05 +0000","262.0","7.0","0.026717557251908396","0.0","0.0","2.0","2.0","3.0","0.0","0.0","0.0","0","0","0","0","0","0","0","-","-","-","-","-","-","-","-","-","-","-","-","-","-","-","-","-","-"
"810625575635341315","https://twitter.com/DataBzh/status/810625575635341315","L'enseignement en Bretagne — Volet 1 https://t.co/EI4dePN2Yy #territoire","2016-12-18 23:19 +0000","208.0","3.0","0.014423076923076924","0.0","1.0","1.0","0.0","1.0","0.0","0.0","0.0","0","0","0","0","0","0","0","-","-","-","-","-","-","-","-","-","-","-","-","-","-","-","-","-","-"
"810530294336028676","https://twitter.com/DataBzh/status/810530294336028676","Minding the zoo[keeper] with #RStats : https://t.co/ACUBrpcryg","2016-12-18 17:00 +0000","252.0","2.0","0.007936507936507936","0.0","0.0","0.0","0.0","2.0","0.0","0.0","0.0","0","0","0","0","0","0","0","-","-","-","-","-","-","-","-","-","-","-","-","-","-","-","-","-","-"
"810486086107615232","https://twitter.com/DataBzh/status/810486086107615232","The most popular #Christmas songs in #data : https://t.co/hm5K1bDnwt","2016-12-18 14:05 +0000","196.0","3.0","0.015306122448979591","1.0","0.0","0.0","0.0","1.0","1.0","0.0","0.0","0","0","0","0","0","0","0","-","-","-","-","-","-","-","-","-","-","-","-","-","-","-","-","-","-"
"810438238179655680","https://twitter.com/DataBzh/status/810438238179655680","Learning how to extend #RStudio by reading books : https://t.co/DaF4mDB6s9","2016-12-18 10:55 +0000","231.0","5.0","0.021645021645021644","1.0","0.0","1.0","0.0","1.0","2.0","0.0","0.0","0","0","0","0","0","0","0","-","-","-","-","-","-","-","-","-","-","-","-","-","-","-","-","-","-"
"810391681442922496","https://twitter.com/DataBzh/status/810391681442922496","#Data — Analyse des données non structurées : découvrez ce que vous ignorez : https://t.co/6x4aUuDV1Z","2016-12-18 07:50 +0000","309.0","7.0","0.022653721682847898","1.0","0.0","0.0","0.0","6.0","0.0","0.0","0.0","0","0","0","0","0","0","0","-","-","-","-","-","-","-","-","-","-","-","-","-","-","-","-","-","-"
"810367771209035776","https://twitter.com/DataBzh/status/810367771209035776","Databricks lève de fonds pour incarner la prochaine étape du #BigData : https://t.co/xzNG4bBjA5","2016-12-18 06:15 +0000","315.0","6.0","0.01904761904761905","2.0","0.0","0.0","0.0","4.0","0.0","0.0","0.0","0","0","0","0","0","0","0","-","-","-","-","-","-","-","-","-","-","-","-","-","-","-","-","-","-"
"810292917927628801","https://twitter.com/DataBzh/status/810292917927628801","#Datasnack #3 — Les campings bretons et leur capacité d'accueil https://t.co/ZrivhSU5VJ","2016-12-18 01:17 +0000","206.0","2.0","0.009708737864077669","0.0","0.0","0.0","0.0","2.0","0.0","0.0","0.0","0","0","0","0","0","0","0","-","-","-","-","-","-","-","-","-","-","-","-","-","-","-","-","-","-"
"810168409090650112","https://twitter.com/DataBzh/status/810168409090650112","#DataScience, Predictive #Analytics Main Developments in 2016 and Key Trends for 2017: https://t.co/YvIElKdpBp","2016-12-17 17:02 +0000","392.0","13.0","0.03316326530612245","5.0","0.0","6.0","0.0","1.0","1.0","0.0","0.0","0","0","0","0","0","0","0","-","-","-","-","-","-","-","-","-","-","-","-","-","-","-","-","-","-"
"810118680138883072","https://twitter.com/DataBzh/status/810118680138883072","Buyers Beware: #DataViz is Not #Data #Analytics : https://t.co/sx1kPQEkVJ","2016-12-17 13:45 +0000","287.0","6.0","0.020905923344947737","1.0","0.0","4.0","0.0","1.0","0.0","0.0","0.0","0","0","0","0","0","0","0","-","-","-","-","-","-","-","-","-","-","-","-","-","-","-","-","-","-"
"810084869460074500","https://twitter.com/DataBzh/status/810084869460074500","La communauté data science du Grand Ouest a besoin de votre avis https://t.co/yQTuH2Y0A1 https://t.co/JVKWkpmHDA","2016-12-17 11:30 +0000","1217.0","22.0","0.018077239112571898","7.0","0.0","1.0","1.0","11.0","0.0","1.0","0.0","0","0","0","0","0","1","1","-","-","-","-","-","-","-","-","-","-","-","-","-","-","-","-","-","-"
"810078396294238208","https://twitter.com/DataBzh/status/810078396294238208","Why Does #Data Decay so Fast? https://t.co/adieD6Mef3","2016-12-17 11:05 +0000","168.0","0.0","0.0","0.0","0.0","0.0","0.0","0.0","0.0","0.0","0.0","0","0","0","0","0","0","0","-","-","-","-","-","-","-","-","-","-","-","-","-","-","-","-","-","-"
"810028049760735232","https://twitter.com/DataBzh/status/810028049760735232","Understanding the Evolution from Relationship Databases to Semantic Graph Databases : https://t.co/ozQSUhcEyX","2016-12-17 07:45 +0000","194.0","5.0","0.02577319587628866","0.0","0.0","0.0","1.0","3.0","0.0","1.0","0.0","0","0","0","0","0","0","0","-","-","-","-","-","-","-","-","-","-","-","-","-","-","-","-","-","-"
"810002865498505216","https://twitter.com/DataBzh/status/810002865498505216","“How to Automatically Segment Your Data With Clustering” by @bilalmahmood https://t.co/vr8OgjiPmw","2016-12-17 06:05 +0000","199.0","1.0","0.005025125628140704","1.0","0.0","0.0","0.0","0.0","0.0","0.0","0.0","0","0","0","0","0","0","0","-","-","-","-","-","-","-","-","-","-","-","-","-","-","-","-","-","-"
"809960471562518528","https://twitter.com/DataBzh/status/809960471562518528","#Datasnack #21 — Statistiques démographiques à Saint-Malo https://t.co/vWB8WBB6yX","2016-12-17 03:16 +0000","214.0","2.0","0.009345794392523364","0.0","0.0","0.0","0.0","1.0","0.0","1.0","0.0","0","0","0","0","0","0","0","-","-","-","-","-","-","-","-","-","-","-","-","-","-","-","-","-","-"
"809805696174878720","https://twitter.com/DataBzh/status/809805696174878720","#DataScience — Apprendre la discipline en 8 étapes avec @DataCamp : https://t.co/4woKd165w4","2016-12-16 17:01 +0000","228.0","7.0","0.03070175438596491","0.0","0.0","2.0","0.0","4.0","0.0","1.0","0.0","0","0","0","0","0","0","0","-","-","-","-","-","-","-","-","-","-","-","-","-","-","-","-","-","-"
"809757547599196160","https://twitter.com/DataBzh/status/809757547599196160",".@Intermedix s’attaque au problème de la défection des patients avec @dataiku https://t.co/qnQ5uDzSG8","2016-12-16 13:50 +0000","392.0","1.0","0.002551020408163265","0.0","0.0","0.0","0.0","1.0","0.0","0.0","0.0","0","0","0","0","0","0","0","-","-","-","-","-","-","-","-","-","-","-","-","-","-","-","-","-","-"
"809717253075861504","https://twitter.com/DataBzh/status/809717253075861504","#Cloud, #MachineLearning, analytique préventive…  5 tendances #BigData pour 2017 (@hortonworks) : https://t.co/Tr685P5CIG","2016-12-16 11:10 +0000","572.0","10.0","0.017482517482517484","3.0","0.0","3.0","0.0","4.0","0.0","0.0","0.0","0","0","0","0","0","0","0","-","-","-","-","-","-","-","-","-","-","-","-","-","-","-","-","-","-"
"809666919645278208","https://twitter.com/DataBzh/status/809666919645278208","Reproducible Finance with #RStats — Pulling and Displaying ETF Data : https://t.co/eq8B5HmcWj","2016-12-16 07:50 +0000","196.0","0.0","0.0","0.0","0.0","0.0","0.0","0.0","0.0","0.0","0.0","0","0","0","0","0","0","0","-","-","-","-","-","-","-","-","-","-","-","-","-","-","-","-","-","-"
"809639272714301440","https://twitter.com/DataBzh/status/809639272714301440","Top 10 Amazon Books in #Databases &amp; #BigData, 2016 Edition : https://t.co/LInuaphp3w","2016-12-16 06:00 +0000","132.0","2.0","0.015151515151515152","0.0","0.0","0.0","0.0","2.0","0.0","0.0","0.0","0","0","0","0","0","0","0","-","-","-","-","-","-","-","-","-","-","-","-","-","-","-","-","-","-"
"809627625631191042","https://twitter.com/DataBzh/status/809627625631191042","Un mois à #Rennes — Février 2016 https://t.co/w4jrigXdK4 #socialmedia","2016-12-16 05:14 +0000","258.0","11.0","0.04263565891472868","0.0","0.0","2.0","0.0","9.0","0.0","0.0","0.0","0","0","0","0","0","0","0","-","-","-","-","-","-","-","-","-","-","-","-","-","-","-","-","-","-"
"809440471453933569","https://twitter.com/DataBzh/status/809440471453933569",".@JCDecaux_france lance un puissant outil de #Datastorytelling avec @toucan_toco : https://t.co/4k4JfiB00i","2016-12-15 16:50 +0000","594.0","10.0","0.016835016835016835","0.0","0.0","3.0","0.0","5.0","0.0","2.0","0.0","0","0","0","0","0","0","0","-","-","-","-","-","-","-","-","-","-","-","-","-","-","-","-","-","-"
"809397898135928832","https://twitter.com/DataBzh/status/809397898135928832","#RStats — Gene homology Part 2 - creating directed networks with igraph : https://t.co/brZV7FNtVB","2016-12-15 14:01 +0000","222.0","0.0","0.0","0.0","0.0","0.0","0.0","0.0","0.0","0.0","0.0","0","0","0","0","0","0","0","-","-","-","-","-","-","-","-","-","-","-","-","-","-","-","-","-","-"
"809383445101215744","https://twitter.com/DataBzh/status/809383445101215744","Datasnack #40 — Les sites archéologiques en Bretagne https://t.co/yV3jtftRb4","2016-12-15 13:03 +0000","424.0","9.0","0.02122641509433962","3.0","0.0","1.0","1.0","2.0","0.0","2.0","0.0","0","0","0","0","0","0","0","-","-","-","-","-","-","-","-","-","-","-","-","-","-","-","-","-","-"
"809354873020051456","https://twitter.com/DataBzh/status/809354873020051456","#DataScience Basics — What Types of Patterns Can Be Mined From #Data? https://t.co/RKvtAZljCe","2016-12-15 11:10 +0000","199.0","1.0","0.005025125628140704","0.0","0.0","1.0","0.0","0.0","0.0","0.0","0.0","0","0","0","0","0","0","0","-","-","-","-","-","-","-","-","-","-","-","-","-","-","-","-","-","-"
"809312701004574720","https://twitter.com/DataBzh/status/809312701004574720","@schignard moi non (Colin), mais nous avons envoyé Michel (qui a rejoint l'équipe il y a quelques semaines :) ).","2016-12-15 08:22 +0000","95.0","1.0","0.010526315789473684","0.0","0.0","0.0","0.0","0.0","0.0","1.0","0.0","0","0","0","0","0","0","0","-","-","-","-","-","-","-","-","-","-","-","-","-","-","-","-","-","-"
"809310808656216064","https://twitter.com/DataBzh/status/809310808656216064","#Rennes — Retour sur la matinale #BigData de @RennesAtalante, avec  @schignard et Thomas Anglade : https://t.co/WjqoMbnKSb #MatinaleRA","2016-12-15 08:15 +0000","2343.0","42.0","0.01792573623559539","13.0","1.0","5.0","4.0","16.0","0.0","3.0","0.0","0","0","0","0","0","0","0","-","-","-","-","-","-","-","-","-","-","-","-","-","-","-","-","-","-"
"809295260530655232","https://twitter.com/DataBzh/status/809295260530655232","#Datasnack #6 — Membres du réseau Produit en Bretagne https://t.co/z2RpYz5zvr","2016-12-15 07:13 +0000","215.0","1.0","0.004651162790697674","0.0","0.0","0.0","0.0","1.0","0.0","0.0","0.0","0","0","0","0","0","0","0","-","-","-","-","-","-","-","-","-","-","-","-","-","-","-","-","-","-"
"809291961714835456","https://twitter.com/DataBzh/status/809291961714835456","#RStats — Visualizing taxi trips between NYC neighborhoods with Spark and Microsoft R Server : https://t.co/UY5Kr2SMtz","2016-12-15 07:00 +0000","299.0","2.0","0.006688963210702341","1.0","0.0","0.0","0.0","1.0","0.0","0.0","0.0","0","0","0","0","0","0","0","-","-","-","-","-","-","-","-","-","-","-","-","-","-","-","-","-","-"
"809097862650818560","https://twitter.com/DataBzh/status/809097862650818560","Matinale Big Data Rennes Atalante https://t.co/WjqoMb69tB","2016-12-14 18:08 +0000","180.0","4.0","0.022222222222222223","1.0","0.0","1.0","0.0","1.0","0.0","1.0","0.0","0","0","0","0","0","0","0","-","-","-","-","-","-","-","-","-","-","-","-","-","-","-","-","-","-"
"809083131143880704","https://twitter.com/DataBzh/status/809083131143880704","21 #DeepLearning Videos, Tutorials &amp; Courses on Youtube from 2016 : https://t.co/1c8qjv2vsd","2016-12-14 17:10 +0000","363.0","7.0","0.01928374655647383","2.0","0.0","0.0","0.0","5.0","0.0","0.0","0.0","0","0","0","0","0","0","0","-","-","-","-","-","-","-","-","-","-","-","-","-","-","-","-","-","-"
"809032776641085440","https://twitter.com/DataBzh/status/809032776641085440","#RStats — An Interview With @drob, Data Scientist at @StackOverflow : https://t.co/wiZuoKsJpi via @DataCamp","2016-12-14 13:50 +0000","454.0","2.0","0.004405286343612335","0.0","0.0","1.0","0.0","1.0","0.0","0.0","0.0","0","0","0","0","0","0","0","-","-","-","-","-","-","-","-","-","-","-","-","-","-","-","-","-","-"
"808990206061907968","https://twitter.com/DataBzh/status/808990206061907968","Qu'est-ce que l'#opendata ? https://t.co/HSYyL4Hp0f","2016-12-14 11:01 +0000","410.0","7.0","0.01707317073170732","1.0","0.0","2.0","0.0","3.0","0.0","1.0","0.0","0","0","0","0","0","0","0","-","-","-","-","-","-","-","-","-","-","-","-","-","-","-","-","-","-"
"808962980335517697","https://twitter.com/DataBzh/status/808962980335517697","Retour sur la Digital Tech Conférence 2016 https://t.co/m0qLJfTV7d #evenement","2016-12-14 09:12 +0000","263.0","4.0","0.015209125475285171","0.0","0.0","0.0","0.0","3.0","0.0","1.0","0.0","0","0","0","0","0","0","0","-","-","-","-","-","-","-","-","-","-","-","-","-","-","-","-","-","-"
"808940907131273216","https://twitter.com/DataBzh/status/808940907131273216","How Big Data Will Save Our Planet - by @BigCloudTeam https://t.co/bYaNVVFnmM #BigData via @datafloq","2016-12-14 07:45 +0000","218.0","1.0","0.0045871559633027525","0.0","0.0","1.0","0.0","0.0","0.0","0.0","0.0","0","0","0","0","0","0","0","-","-","-","-","-","-","-","-","-","-","-","-","-","-","-","-","-","-"
"808928273354883073","https://twitter.com/DataBzh/status/808928273354883073","Hôpitaux de Paris — Le #BigData pour prédire le taux d'admission : https://t.co/Adzb0JktX0","2016-12-14 06:55 +0000","425.0","4.0","0.009411764705882352","2.0","0.0","0.0","0.0","2.0","0.0","0.0","0.0","0","0","0","0","0","0","0","-","-","-","-","-","-","-","-","-","-","-","-","-","-","-","-","-","-"
"808718534029230081","https://twitter.com/DataBzh/status/808718534029230081","Démographie bretonne, volet 2 : les naissances https://t.co/f3c0xfACHr https://t.co/lTxh20Iyp0","2016-12-13 17:01 +0000","447.0","15.0","0.03355704697986577","2.0","0.0","1.0","2.0","6.0","0.0","4.0","0.0","0","0","0","0","0","0","0","-","-","-","-","-","-","-","-","-","-","-","-","-","-","-","-","-","-"
"808714486735638530","https://twitter.com/DataBzh/status/808714486735638530","“Learning #DataViz with #Python” by John Carr https://t.co/jHX9QIQs6o","2016-12-13 16:45 +0000","239.0","1.0","0.0041841004184100415","0.0","0.0","1.0","0.0","0.0","0.0","0.0","0.0","0","0","0","0","0","0","0","-","-","-","-","-","-","-","-","-","-","-","-","-","-","-","-","-","-"
"808671648723435521","https://twitter.com/DataBzh/status/808671648723435521","How to Load and Explore Time Series Data in #Python : https://t.co/XLI3W28iPW via @TeachTheMachine","2016-12-13 13:55 +0000","247.0","1.0","0.004048582995951417","0.0","0.0","0.0","0.0","1.0","0.0","0.0","0.0","0","0","0","0","0","0","0","-","-","-","-","-","-","-","-","-","-","-","-","-","-","-","-","-","-"
"808630758160171008","https://twitter.com/DataBzh/status/808630758160171008","La Bretagne et ses équipements sportifs en #DataViz ! https://t.co/5Kb5UZdaXn #territoire","2016-12-13 11:12 +0000","258.0","1.0","0.003875968992248062","0.0","0.0","0.0","1.0","0.0","0.0","0.0","0.0","0","0","0","0","0","0","0","-","-","-","-","-","-","-","-","-","-","-","-","-","-","-","-","-","-"
"808630134966255616","https://twitter.com/DataBzh/status/808630134966255616","#RStats — Grid search in the tidyverse : https://t.co/0nHSRfMWb1 via @drsimonj","2016-12-13 11:10 +0000","269.0","1.0","0.0037174721189591076","0.0","0.0","1.0","0.0","0.0","0.0","0.0","0.0","0","0","0","0","0","0","0","-","-","-","-","-","-","-","-","-","-","-","-","-","-","-","-","-","-"
"808586066986991616","https://twitter.com/DataBzh/status/808586066986991616","#DataScience — Introduction to K-means Clustering : https://t.co/h4dxpNfzGh","2016-12-13 08:15 +0000","219.0","2.0","0.0091324200913242","0.0","0.0","2.0","0.0","0.0","0.0","0.0","0.0","0","0","0","0","0","0","0","-","-","-","-","-","-","-","-","-","-","-","-","-","-","-","-","-","-"
"808561742976585728","https://twitter.com/DataBzh/status/808561742976585728","#Rennes — Retour sur la #DigitalTC de @LaFTRSM : https://t.co/m0qLJfTV7d https://t.co/kac6N02sE6","2016-12-13 06:38 +0000","1955.0","35.0","0.017902813299232736","6.0","0.0","6.0","2.0","10.0","1.0","4.0","0.0","0","0","0","0","0","6","6","-","-","-","-","-","-","-","-","-","-","-","-","-","-","-","-","-","-"
"808554585648463872","https://twitter.com/DataBzh/status/808554585648463872","“Understanding #BigData and #DataScience” by @fumodavi https://t.co/YFxLO1uzvd","2016-12-13 06:10 +0000","935.0","22.0","0.023529411764705882","6.0","0.0","7.0","1.0","8.0","0.0","0.0","0.0","0","0","0","0","0","0","0","-","-","-","-","-","-","-","-","-","-","-","-","-","-","-","-","-","-"
"808358378896584704","https://twitter.com/DataBzh/status/808358378896584704","#DeepLearning Summer School 2016 Videos : https://t.co/50cQmzUUHN via @ryanswanstrom","2016-12-12 17:10 +0000","381.0","5.0","0.013123359580052493","2.0","0.0","1.0","0.0","2.0","0.0","0.0","0.0","0","0","0","0","0","0","0","-","-","-","-","-","-","-","-","-","-","-","-","-","-","-","-","-","-"
"808310688879878144","https://twitter.com/DataBzh/status/808310688879878144","Don't give up on single trees yet.... An interactive tree with Microsoft #RStats : https://t.co/lRABs6ZnZF via @longhowlam","2016-12-12 14:01 +0000","324.0","2.0","0.006172839506172839","0.0","0.0","0.0","0.0","2.0","0.0","0.0","0.0","0","0","0","0","0","0","0","-","-","-","-","-","-","-","-","-","-","-","-","-","-","-","-","-","-"
"808298431106183169","https://twitter.com/DataBzh/status/808298431106183169","Premiers pas en text-mining avec R – Partie 2 https://t.co/vmqp5sgbIS #blog","2016-12-12 13:12 +0000","245.0","6.0","0.024489795918367346","0.0","0.0","0.0","1.0","3.0","0.0","2.0","0.0","0","0","0","0","0","0","0","-","-","-","-","-","-","-","-","-","-","-","-","-","-","-","-","-","-"
"808296119214231552","https://twitter.com/DataBzh/status/808296119214231552","Retour sur la Digital Tech Conférence 2016 https://t.co/m0qLJfTV7d https://t.co/DPqLGtqxuf","2016-12-12 13:03 +0000","344.0","5.0","0.014534883720930232","0.0","0.0","0.0","0.0","2.0","0.0","3.0","0.0","0","0","0","0","0","0","0","-","-","-","-","-","-","-","-","-","-","-","-","-","-","-","-","-","-"
"808262665168715776","https://twitter.com/DataBzh/status/808262665168715776","#RStats — The case for index-free #data manipulation : https://t.co/uEvGUEFWJt via @WinVectorLLC","2016-12-12 10:50 +0000","322.0","3.0","0.009316770186335404","0.0","0.0","0.0","0.0","3.0","0.0","0.0","0.0","0","0","0","0","0","0","0","-","-","-","-","-","-","-","-","-","-","-","-","-","-","-","-","-","-"
"808221140313403393","https://twitter.com/DataBzh/status/808221140313403393","La nouvelle ère du #machinelearning est arrivée : https://t.co/l35aSw4caj","2016-12-12 08:05 +0000","256.0","4.0","0.015625","0.0","0.0","0.0","0.0","4.0","0.0","0.0","0.0","0","0","0","0","0","0","0","-","-","-","-","-","-","-","-","-","-","-","-","-","-","-","-","-","-"
"808206018152976384","https://twitter.com/DataBzh/status/808206018152976384","Art — Comment le #BigData va transformer le marché : https://t.co/M8HOruyb7r","2016-12-12 07:05 +0000","257.0","2.0","0.007782101167315175","1.0","0.0","0.0","0.0","1.0","0.0","0.0","0.0","0","0","0","0","0","0","0","-","-","-","-","-","-","-","-","-","-","-","-","-","-","-","-","-","-"
"807995909980246018","https://twitter.com/DataBzh/status/807995909980246018","RT @R_Programming: Detect and treat multivariate outliers in R #rstats #datascience : https://t.co/xhmElZSPrB https://t.co/omy6LXYXng","2016-12-11 17:10 +0000","398.0","5.0","0.01256281407035176","2.0","0.0","1.0","0.0","1.0","0.0","0.0","0.0","0","0","0","0","0","1","1","-","-","-","-","-","-","-","-","-","-","-","-","-","-","-","-","-","-"
"807966054421004288","https://twitter.com/DataBzh/status/807966054421004288","#Datasnack #5 — Rennes &amp; les stations LE vélo STAR https://t.co/WMLD3DvORi","2016-12-11 15:11 +0000","280.0","1.0","0.0035714285714285713","0.0","0.0","0.0","0.0","1.0","0.0","0.0","0.0","0","0","0","0","0","0","0","-","-","-","-","-","-","-","-","-","-","-","-","-","-","-","-","-","-"
"807946817358938114","https://twitter.com/DataBzh/status/807946817358938114","Everything you ever wanted or needed to know about #BigData : https://t.co/tvISKky5hJ via @importio","2016-12-11 13:55 +0000","256.0","3.0","0.01171875","1.0","0.0","2.0","0.0","0.0","0.0","0.0","0.0","0","0","0","0","0","0","0","-","-","-","-","-","-","-","-","-","-","-","-","-","-","-","-","-","-"
"807901329536516096","https://twitter.com/DataBzh/status/807901329536516096","Podcast Big Data Hebdo https://t.co/ehjTE3UnJh https://t.co/B2v4aOiYr4","2016-12-11 10:54 +0000","349.0","11.0","0.03151862464183381","3.0","0.0","0.0","1.0","3.0","0.0","3.0","0.0","0","0","0","0","0","1","1","-","-","-","-","-","-","-","-","-","-","-","-","-","-","-","-","-","-"
"807900261008216066","https://twitter.com/DataBzh/status/807900261008216066","RT @pol_ferrando: Most types of data visualizations and when to pick each one #dataviz https://t.co/LPe0uaok6d https://t.co/NE1RTfQLDc","2016-12-11 10:50 +0000","297.0","6.0","0.020202020202020204","2.0","0.0","0.0","0.0","4.0","0.0","0.0","0.0","0","0","0","0","0","0","0","-","-","-","-","-","-","-","-","-","-","-","-","-","-","-","-","-","-"
"807875089127665664","https://twitter.com/DataBzh/status/807875089127665664","What Is The Difference Between #DeepLearning, #MachineLearning and #AI? via @forbes https://t.co/UHD6RUmgKM","2016-12-11 09:10 +0000","327.0","11.0","0.03363914373088685","3.0","0.0","1.0","1.0","5.0","0.0","1.0","0.0","0","0","0","0","0","0","0","-","-","-","-","-","-","-","-","-","-","-","-","-","-","-","-","-","-"
"807873542440255492","https://twitter.com/DataBzh/status/807873542440255492","@FloletDrh @LaurentRiera @metropolerennes @Tristan_Le_Dain @bnox on va se pencher sur la question ;) https://t.co/gs1cPJljax","2016-12-11 09:03 +0000","125.0","6.0","0.048","0.0","0.0","2.0","0.0","1.0","0.0","3.0","0.0","0","0","0","0","0","0","0","-","-","-","-","-","-","-","-","-","-","-","-","-","-","-","-","-","-"
"807856226008698880","https://twitter.com/DataBzh/status/807856226008698880","RT @RomainVallee: #BigData à #Rennes, ne ratez pas la matinale organisée par @rennesatalante :  https://t.co/hFKmZDUiMQ","2016-12-11 07:55 +0000","326.0","4.0","0.012269938650306749","1.0","0.0","0.0","0.0","3.0","0.0","0.0","0.0","0","0","0","0","0","0","0","-","-","-","-","-","-","-","-","-","-","-","-","-","-","-","-","-","-"
"807634820155265025","https://twitter.com/DataBzh/status/807634820155265025","RT .@netpublic: Qu’est-ce que le #BigData et ses enjeux ? Vidéo #pédagogique en 3 minutes https://t.co/rKoF7BAbLc https://t.co/cICfWXGfTs","2016-12-10 17:15 +0000","505.0","11.0","0.02178217821782178","7.0","0.0","2.0","0.0","2.0","0.0","0.0","0.0","0","0","0","0","0","0","0","-","-","-","-","-","-","-","-","-","-","-","-","-","-","-","-","-","-"
"807633697843380224","https://twitter.com/DataBzh/status/807633697843380224","#Datasnack #24 — Prix de l'immobilier à Vannes 2007-2016 https://t.co/YgHSbpbC2f","2016-12-10 17:10 +0000","215.0","3.0","0.013953488372093023","0.0","0.0","0.0","0.0","2.0","0.0","1.0","0.0","0","0","0","0","0","0","0","-","-","-","-","-","-","-","-","-","-","-","-","-","-","-","-","-","-"
"807585822249721856","https://twitter.com/DataBzh/status/807585822249721856","#RStats — The Wordcloud2 library : https://t.co/T2EJRLUNLY via @Rbloggers","2016-12-10 14:00 +0000","301.0","6.0","0.019933554817275746","1.0","0.0","0.0","0.0","5.0","0.0","0.0","0.0","0","0","0","0","0","0","0","-","-","-","-","-","-","-","-","-","-","-","-","-","-","-","-","-","-"
"807541644950142977","https://twitter.com/DataBzh/status/807541644950142977","#RStats — December ’16 #RStudio Tips and Tricks : https://t.co/M8JjgaO6eq via @Rbloggers","2016-12-10 11:05 +0000","230.0","0.0","0.0","0.0","0.0","0.0","0.0","0.0","0.0","0.0","0.0","0","0","0","0","0","0","0","-","-","-","-","-","-","-","-","-","-","-","-","-","-","-","-","-","-"
"807529060528226305","https://twitter.com/DataBzh/status/807529060528226305","RT @OptionsBzh: Retour en dataviz sur le dernier #Twapero de #Rennes 2016 : https://t.co/Bh8V2oozta https://t.co/BJ7BgD0GnO","2016-12-10 10:15 +0000","278.0","4.0","0.014388489208633094","0.0","0.0","1.0","0.0","2.0","0.0","1.0","0.0","0","0","0","0","0","0","0","-","-","-","-","-","-","-","-","-","-","-","-","-","-","-","-","-","-"
"807520252879839232","https://twitter.com/DataBzh/status/807520252879839232","Les solutions technologiques du #BigData : https://t.co/X8rXxG5VGe via @BD_group #BlogBD","2016-12-10 09:40 +0000","296.0","6.0","0.02027027027027027","3.0","0.0","1.0","0.0","2.0","0.0","0.0","0.0","0","0","0","0","0","0","0","-","-","-","-","-","-","-","-","-","-","-","-","-","-","-","-","-","-"
"807301490624892928","https://twitter.com/DataBzh/status/807301490624892928","Data Bzh sur Twitter — Avril 2016 https://t.co/i74JE4kk1t #opensocialdata","2016-12-09 19:10 +0000","217.0","0.0","0.0","0.0","0.0","0.0","0.0","0.0","0.0","0.0","0.0","0","0","0","0","0","0","0","-","-","-","-","-","-","-","-","-","-","-","-","-","-","-","-","-","-"
"807264881787437057","https://twitter.com/DataBzh/status/807264881787437057","Book Review: #DeepLearning by Goodfellow, Bengio, and Courville : https://t.co/gyPnFoGUAl","2016-12-09 16:45 +0000","188.0","1.0","0.005319148936170213","0.0","0.0","0.0","0.0","1.0","0.0","0.0","0.0","0","0","0","0","0","0","0","-","-","-","-","-","-","-","-","-","-","-","-","-","-","-","-","-","-"
"807227115431198721","https://twitter.com/DataBzh/status/807227115431198721","#DataViz #RStats — How People Like You Spend Their Time : https://t.co/3tFGPB1rCp via @flowingdata","2016-12-09 14:15 +0000","263.0","2.0","0.0076045627376425855","0.0","0.0","0.0","0.0","2.0","0.0","0.0","0.0","0","0","0","0","0","0","0","-","-","-","-","-","-","-","-","-","-","-","-","-","-","-","-","-","-"
"807175502305882112","https://twitter.com/DataBzh/status/807175502305882112","Crossed and Nested hierarchical models with STAN and #RStats : https://t.co/oeW6oOYa87","2016-12-09 10:50 +0000","270.0","1.0","0.003703703703703704","0.0","0.0","1.0","0.0","0.0","0.0","0.0","0.0","0","0","0","0","0","0","0","-","-","-","-","-","-","-","-","-","-","-","-","-","-","-","-","-","-"
"807130188446310400","https://twitter.com/DataBzh/status/807130188446310400","Les entreprises doivent miser sur l’exploitation du #BigData pour améliorer la satisfaction client https://t.co/L0EDbaYsUd","2016-12-09 07:50 +0000","202.0","1.0","0.0049504950495049506","0.0","0.0","1.0","0.0","0.0","0.0","0.0","0.0","0","0","0","0","0","0","0","-","-","-","-","-","-","-","-","-","-","-","-","-","-","-","-","-","-"
"807114599787020290","https://twitter.com/DataBzh/status/807114599787020290","#Rennes — Retour en #DataViz sur le dernier @twapero_Rennes de 2016 : https://t.co/nFQU0cXhYl https://t.co/BfiqHmHNae","2016-12-09 06:48 +0000","2104.0","70.0","0.03326996197718631","8.0","0.0","12.0","7.0","9.0","2.0","12.0","0.0","0","0","0","0","0","20","20","-","-","-","-","-","-","-","-","-","-","-","-","-","-","-","-","-","-"
"806969258194239488","https://twitter.com/DataBzh/status/806969258194239488","#Datasnack #2 — Fréquentation des expositions du Musée de Bretagne et des Champs Libres https://t.co/b7cCrdw3XE","2016-12-08 21:10 +0000","258.0","1.0","0.003875968992248062","0.0","0.0","0.0","0.0","1.0","0.0","0.0","0.0","0","0","0","0","0","0","0","-","-","-","-","-","-","-","-","-","-","-","-","-","-","-","-","-","-"
"806915157389615105","https://twitter.com/DataBzh/status/806915157389615105","Retour en dataviz sur le dernier #Twapero de Rennes 2016 https://t.co/nFQU0cXhYl https://t.co/mn5vQfNJQq","2016-12-08 17:35 +0000","230.0","2.0","0.008695652173913044","0.0","0.0","0.0","0.0","1.0","0.0","1.0","0.0","0","0","0","0","0","0","0","-","-","-","-","-","-","-","-","-","-","-","-","-","-","-","-","-","-"
"806906726448529410","https://twitter.com/DataBzh/status/806906726448529410","Seventeen Ways to Map #Data in #Kaggle Kernels — Tutorials for #Python and #RStats Users : https://t.co/oWqu7EckaH","2016-12-08 17:02 +0000","281.0","0.0","0.0","0.0","0.0","0.0","0.0","0.0","0.0","0.0","0.0","0","0","0","0","0","0","0","-","-","-","-","-","-","-","-","-","-","-","-","-","-","-","-","-","-"
"806861313481863168","https://twitter.com/DataBzh/status/806861313481863168","""How to Create and Mature your #DataScience Practice"" by @Mani_G https://t.co/3z37i5JVlh","2016-12-08 14:01 +0000","183.0","1.0","0.00546448087431694","0.0","0.0","0.0","1.0","0.0","0.0","0.0","0.0","0","0","0","0","0","0","0","-","-","-","-","-","-","-","-","-","-","-","-","-","-","-","-","-","-"
"806846484985643008","https://twitter.com/DataBzh/status/806846484985643008","Datasnack #39 — Effectifs scolaires de Saint-Malo https://t.co/jgQRL2held https://t.co/DmrOX7rCVU","2016-12-08 13:02 +0000","252.0","0.0","0.0","0.0","0.0","0.0","0.0","0.0","0.0","0.0","0.0","0","0","0","0","0","0","0","-","-","-","-","-","-","-","-","-","-","-","-","-","-","-","-","-","-"
"806835792039596032","https://twitter.com/DataBzh/status/806835792039596032","« Open gov » : le gouvernement défend son bilan https://t.co/cKycicItGQ via @LesEchos","2016-12-08 12:20 +0000","222.0","2.0","0.009009009009009009","0.0","0.0","0.0","0.0","2.0","0.0","0.0","0.0","0","0","0","0","0","0","0","-","-","-","-","-","-","-","-","-","-","-","-","-","-","-","-","-","-"
"806813128210186240","https://twitter.com/DataBzh/status/806813128210186240","Free online course — Analyzing #bigdata with Microsoft #RStats Server : https://t.co/BRJnT13BBq","2016-12-08 10:50 +0000","308.0","0.0","0.0","0.0","0.0","0.0","0.0","0.0","0.0","0.0","0.0","0","0","0","0","0","0","0","-","-","-","-","-","-","-","-","-","-","-","-","-","-","-","-","-","-"
"806793095211667457","https://twitter.com/DataBzh/status/806793095211667457","#RStats — Why time series forecasts prediction intervals aren’t as good as we’d hope : https://t.co/Eth8yBVhmZ via @Rbloggers","2016-12-08 09:30 +0000","246.0","0.0","0.0","0.0","0.0","0.0","0.0","0.0","0.0","0.0","0.0","0","0","0","0","0","0","0","-","-","-","-","-","-","-","-","-","-","-","-","-","-","-","-","-","-"
"806772868117737474","https://twitter.com/DataBzh/status/806772868117737474","Free ebooks — #MachineLearning with #Python and Practical #DataAnalysis : https://t.co/D6yuLknBLU","2016-12-08 08:10 +0000","218.0","1.0","0.0045871559633027525","1.0","0.0","0.0","0.0","0.0","0.0","0.0","0.0","0","0","0","0","0","0","0","-","-","-","-","-","-","-","-","-","-","-","-","-","-","-","-","-","-"
"806759029900853248","https://twitter.com/DataBzh/status/806759029900853248","#RStats — DataChats: An interview with Charlotte Wickham : https://t.co/vX2IW1PZZY via @DataCamp","2016-12-08 07:15 +0000","298.0","1.0","0.003355704697986577","0.0","0.0","1.0","0.0","0.0","0.0","0.0","0.0","0","0","0","0","0","0","0","-","-","-","-","-","-","-","-","-","-","-","-","-","-","-","-","-","-"
"806740263989194752","https://twitter.com/DataBzh/status/806740263989194752","[Video] A Huge Debate: #RStats vs. #Python for #DataScience : https://t.co/1ASQs0Z0j0","2016-12-08 06:00 +0000","215.0","3.0","0.013953488372093023","1.0","0.0","0.0","0.0","2.0","0.0","0.0","0.0","0","0","0","0","0","0","0","-","-","-","-","-","-","-","-","-","-","-","-","-","-","-","-","-","-"
"806636946818736128","https://twitter.com/DataBzh/status/806636946818736128","#Datasnack #33 — Salles de cinéma en Bretagne https://t.co/fry1Sj9fCU","2016-12-07 23:10 +0000","1262.0","4.0","0.003169572107765452","1.0","0.0","1.0","1.0","0.0","0.0","1.0","0.0","0","0","0","0","0","0","0","-","-","-","-","-","-","-","-","-","-","-","-","-","-","-","-","-","-"
"806541374598291464","https://twitter.com/DataBzh/status/806541374598291464","Interacting With #Amazon Athena from #RStats : https://t.co/GnWdPBb2ps via @hrbrmstr","2016-12-07 16:50 +0000","266.0","4.0","0.015037593984962405","0.0","0.0","1.0","0.0","3.0","0.0","0.0","0.0","0","0","0","0","0","0","0","-","-","-","-","-","-","-","-","-","-","-","-","-","-","-","-","-","-"
"806501109988782080","https://twitter.com/DataBzh/status/806501109988782080","Stylometry — Identifying authors of texts using #RStats : https://t.co/3NMJQMb7Lk","2016-12-07 14:10 +0000","239.0","2.0","0.008368200836820083","0.0","0.0","0.0","0.0","2.0","0.0","0.0","0.0","0","0","0","0","0","0","0","-","-","-","-","-","-","-","-","-","-","-","-","-","-","-","-","-","-"
"806472170482372610","https://twitter.com/DataBzh/status/806472170482372610","""80+ Free #DataScience Books"" on Data Science Central: https://t.co/g9vD3jZlsN","2016-12-07 12:15 +0000","250.0","7.0","0.028","1.0","0.0","1.0","0.0","4.0","0.0","1.0","0.0","0","0","0","0","0","0","0","-","-","-","-","-","-","-","-","-","-","-","-","-","-","-","-","-","-"
"806450747017728000","https://twitter.com/DataBzh/status/806450747017728000","7 Interactive Bioinformatics Plots made in #Python and #RStats : https://t.co/lvj3fAN660","2016-12-07 10:50 +0000","242.0","1.0","0.004132231404958678","0.0","0.0","0.0","0.0","1.0","0.0","0.0","0.0","0","0","0","0","0","0","0","-","-","-","-","-","-","-","-","-","-","-","-","-","-","-","-","-","-"
"806434379409006592","https://twitter.com/DataBzh/status/806434379409006592","""#DataAnalysis : Correlation vs Causation"" by Selvaraaju Murugesan : https://t.co/fybz4B0bAy","2016-12-07 09:45 +0000","178.0","1.0","0.0056179775280898875","0.0","0.0","0.0","0.0","1.0","0.0","0.0","0.0","0","0","0","0","0","0","0","-","-","-","-","-","-","-","-","-","-","-","-","-","-","-","-","-","-"
"806410478889082880","https://twitter.com/DataBzh/status/806410478889082880","#OpenData — Les transporteurs publics doivent-ils ouvrir leurs données ? https://t.co/gXFGA1a7B9 via @latelier","2016-12-07 08:10 +0000","296.0","3.0","0.010135135135135136","2.0","0.0","0.0","0.0","0.0","0.0","1.0","0.0","0","0","0","0","0","0","0","-","-","-","-","-","-","-","-","-","-","-","-","-","-","-","-","-","-"
"806394122122698752","https://twitter.com/DataBzh/status/806394122122698752","How to Find the Best Tools for #Data Collection and #DataAnalysis - by @diwasiuk https://t.co/L3piNo3vSF #BigData via @Datafloq","2016-12-07 07:05 +0000","143.0","2.0","0.013986013986013986","0.0","0.0","0.0","0.0","2.0","0.0","0.0","0.0","0","0","0","0","0","0","0","-","-","-","-","-","-","-","-","-","-","-","-","-","-","-","-","-","-"
"806391523810168832","https://twitter.com/DataBzh/status/806391523810168832","@jkostreche c'est sûr :)","2016-12-07 06:54 +0000","198.0","1.0","0.005050505050505051","0.0","0.0","0.0","0.0","0.0","0.0","1.0","0.0","0","0","0","0","0","0","0","-","-","-","-","-","-","-","-","-","-","-","-","-","-","-","-","-","-"
"806389799984791552","https://twitter.com/DataBzh/status/806389799984791552","@jkostreche déjà fait, mais ça pourrait être approfondi ;) 
https://t.co/TMMtfkEwxW","2016-12-07 06:48 +0000","54.0","5.0","0.09259259259259259","0.0","1.0","1.0","0.0","2.0","0.0","1.0","0.0","0","0","0","0","0","0","0","-","-","-","-","-","-","-","-","-","-","-","-","-","-","-","-","-","-"
"806380255942475779","https://twitter.com/DataBzh/status/806380255942475779","Top 5 #RStats Package Maintainers : https://t.co/yKPi60tT01 via @DataCamp","2016-12-07 06:10 +0000","328.0","5.0","0.01524390243902439","0.0","0.0","2.0","1.0","2.0","0.0","0.0","0.0","0","0","0","0","0","0","0","-","-","-","-","-","-","-","-","-","-","-","-","-","-","-","-","-","-"
"806304708935749637","https://twitter.com/DataBzh/status/806304708935749637","#DataMining — Rennes Métropole sur Facebook https://t.co/973xJ6PwNk #socialmedia","2016-12-07 01:09 +0000","278.0","8.0","0.02877697841726619","2.0","1.0","2.0","0.0","3.0","0.0","0.0","0.0","0","0","0","0","0","0","0","-","-","-","-","-","-","-","-","-","-","-","-","-","-","-","-","-","-"
"806180232852082694","https://twitter.com/DataBzh/status/806180232852082694","Efficiently Saving and Sharing #Data in #RStats : https://t.co/EgqAgQgCqV","2016-12-06 16:55 +0000","234.0","3.0","0.01282051282051282","0.0","0.0","0.0","0.0","2.0","0.0","1.0","0.0","0","0","0","0","0","0","0","-","-","-","-","-","-","-","-","-","-","-","-","-","-","-","-","-","-"
"806133685456171008","https://twitter.com/DataBzh/status/806133685456171008","How to send bulk email to your students using #RStats : https://t.co/9eRYN8Izte","2016-12-06 13:50 +0000","243.0","2.0","0.00823045267489712","0.0","0.0","1.0","0.0","1.0","0.0","0.0","0.0","0","0","0","0","0","0","0","-","-","-","-","-","-","-","-","-","-","-","-","-","-","-","-","-","-"
"806088350855794688","https://twitter.com/DataBzh/status/806088350855794688","High Performance CommonMark and #Github #Markdown Rendering in #RStats : https://t.co/3HNxSbxz2v","2016-12-06 10:50 +0000","254.0","1.0","0.003937007874015748","0.0","0.0","0.0","0.0","1.0","0.0","0.0","0.0","0","0","0","0","0","0","0","-","-","-","-","-","-","-","-","-","-","-","-","-","-","-","-","-","-"
"806074469903114240","https://twitter.com/DataBzh/status/806074469903114240","Five #Data Preparation and #Analytics Predictions for 2017 : https://t.co/QfCOLX0LHT","2016-12-06 09:55 +0000","149.0","0.0","0.0","0.0","0.0","0.0","0.0","0.0","0.0","0.0","0.0","0","0","0","0","0","0","0","-","-","-","-","-","-","-","-","-","-","-","-","-","-","-","-","-","-"
"806060679480438784","https://twitter.com/DataBzh/status/806060679480438784","“Using #RStats to Analyse #LinkedData” by @northernjamie https://t.co/086oEXCL5h","2016-12-06 09:00 +0000","363.0","8.0","0.02203856749311295","1.0","0.0","1.0","1.0","3.0","0.0","2.0","0.0","0","0","0","0","0","0","0","-","-","-","-","-","-","-","-","-","-","-","-","-","-","-","-","-","-"
"806046816382881792","https://twitter.com/DataBzh/status/806046816382881792","#Data #OpeData — La donnée au service de la croissance : https://t.co/rdrHrSc8Hm","2016-12-06 08:05 +0000","191.0","1.0","0.005235602094240838","0.0","0.0","0.0","0.0","0.0","1.0","0.0","0.0","0","0","0","0","0","0","0","-","-","-","-","-","-","-","-","-","-","-","-","-","-","-","-","-","-"
"806034246854934528","https://twitter.com/DataBzh/status/806034246854934528","Writing Good #RStats Code and Writing Well : https://t.co/e4x8k3tRPN","2016-12-06 07:15 +0000","183.0","3.0","0.01639344262295082","0.0","0.0","1.0","0.0","1.0","0.0","1.0","0.0","0","0","0","0","0","0","0","-","-","-","-","-","-","-","-","-","-","-","-","-","-","-","-","-","-"
"806024037386383361","https://twitter.com/DataBzh/status/806024037386383361","#SocialMedia #Rennes — 6 mois avec #RennesQuonAime : https://t.co/TgefC5AsdZ https://t.co/tdmcosgZuV","2016-12-06 06:34 +0000","633.0","17.0","0.026856240126382307","1.0","0.0","2.0","1.0","2.0","1.0","2.0","0.0","0","0","0","0","0","8","8","-","-","-","-","-","-","-","-","-","-","-","-","-","-","-","-","-","-"
"806017871486865408","https://twitter.com/DataBzh/status/806017871486865408","Using #RStats to Gain Insights into the Emotional Journeys in War and Peace :  https://t.co/XMpdS4hjie via @Rbloggers","2016-12-06 06:10 +0000","220.0","1.0","0.004545454545454545","0.0","0.0","0.0","0.0","1.0","0.0","0.0","0.0","0","0","0","0","0","0","0","-","-","-","-","-","-","-","-","-","-","-","-","-","-","-","-","-","-"
"805972069695557632","https://twitter.com/DataBzh/status/805972069695557632","L’implantation des distributeurs automatiques de billets en Bretagne https://t.co/EdRMbQRinA #territoire","2016-12-06 03:08 +0000","171.0","3.0","0.017543859649122806","0.0","0.0","1.0","0.0","2.0","0.0","0.0","0.0","0","0","0","0","0","0","0","-","-","-","-","-","-","-","-","-","-","-","-","-","-","-","-","-","-"
"805826295288496129","https://twitter.com/DataBzh/status/805826295288496129","6 mois avec #RennesQuonAime https://t.co/TgefC5AsdZ https://t.co/QkMeDeBcPo","2016-12-05 17:28 +0000","164.0","2.0","0.012195121951219513","0.0","0.0","0.0","0.0","2.0","0.0","0.0","0.0","0","0","0","0","0","0","0","-","-","-","-","-","-","-","-","-","-","-","-","-","-","-","-","-","-"
"805821666773311490","https://twitter.com/DataBzh/status/805821666773311490","”Who Made the News? Text Analysis using #RStats, in 7 steps” on #DataScience Central: https://t.co/WsMVOhGsdH","2016-12-05 17:10 +0000","223.0","3.0","0.013452914798206279","0.0","0.0","0.0","0.0","2.0","0.0","1.0","0.0","0","0","0","0","0","0","0","-","-","-","-","-","-","-","-","-","-","-","-","-","-","-","-","-","-"
"805777594306232320","https://twitter.com/DataBzh/status/805777594306232320","#Hadoop gets native #RStats programming for #bigdata analysis : https://t.co/YT9NM1DAPV via @pcworld","2016-12-05 14:15 +0000","764.0","14.0","0.01832460732984293","3.0","0.0","2.0","2.0","7.0","0.0","0.0","0.0","0","0","0","0","0","0","0","-","-","-","-","-","-","-","-","-","-","-","-","-","-","-","-","-","-"
"805729747980484609","https://twitter.com/DataBzh/status/805729747980484609","RT @Ryan_McCue: #DataAnalysis in #Python with #Pandas https://t.co/KbJIBZSYbx","2016-12-05 11:05 +0000","189.0","0.0","0.0","0.0","0.0","0.0","0.0","0.0","0.0","0.0","0.0","0","0","0","0","0","0","0","-","-","-","-","-","-","-","-","-","-","-","-","-","-","-","-","-","-"
"805681900497080320","https://twitter.com/DataBzh/status/805681900497080320","#SAS vs. #RStats vs. #Stata vs. #SPSS vs. #MATLAB https://t.co/3nRcM34UNX via @Vazoof","2016-12-05 07:55 +0000","282.0","2.0","0.0070921985815602835","0.0","0.0","0.0","1.0","1.0","0.0","0.0","0.0","0","0","0","0","0","0","0","-","-","-","-","-","-","-","-","-","-","-","-","-","-","-","-","-","-"
"805674344806498304","https://twitter.com/DataBzh/status/805674344806498304","#Data Literacy - The blog of Andrés Gutiérrez: Highlighting #RStats code for the web : https://t.co/X781SMXyZP","2016-12-05 07:25 +0000","910.0","8.0","0.008791208791208791","2.0","0.0","5.0","0.0","1.0","0.0","0.0","0.0","0","0","0","0","0","0","0","-","-","-","-","-","-","-","-","-","-","-","-","-","-","-","-","-","-"
"805663010375266304","https://twitter.com/DataBzh/status/805663010375266304","A blog from Sydney: Non-linear dynamics and chaos using #RStats (1) https://t.co/NXUYXCL4SJ","2016-12-05 06:40 +0000","231.0","1.0","0.004329004329004329","0.0","0.0","0.0","0.0","1.0","0.0","0.0","0.0","0","0","0","0","0","0","0","-","-","-","-","-","-","-","-","-","-","-","-","-","-","-","-","-","-"
"805638627472605184","https://twitter.com/DataBzh/status/805638627472605184","Un algorithme, qu'est-ce que c'est ? https://t.co/QHo86hHDiM #blog","2016-12-05 05:03 +0000","536.0","19.0","0.03544776119402985","4.0","0.0","4.0","0.0","10.0","0.0","1.0","0.0","0","0","0","0","0","0","0","-","-","-","-","-","-","-","-","-","-","-","-","-","-","-","-","-","-"
"805459199094300673","https://twitter.com/DataBzh/status/805459199094300673",". @groupekeolis met sur les rails son SI vers le #BigData, #Cloud et microservices : https://t.co/xkxBijULdD","2016-12-04 17:10 +0000","294.0","8.0","0.027210884353741496","0.0","0.0","2.0","1.0","3.0","0.0","2.0","0.0","0","0","0","0","0","0","0","-","-","-","-","-","-","-","-","-","-","-","-","-","-","-","-","-","-"
"805410096478031873","https://twitter.com/DataBzh/status/805410096478031873","Comment le #BigData entre dans l’ère du temps réel, par Xavier Biseul : https://t.co/GmwqKcHsVN via @journaldunet","2016-12-04 13:55 +0000","380.0","6.0","0.015789473684210527","1.0","0.0","0.0","0.0","4.0","1.0","0.0","0.0","0","0","0","0","0","0","0","-","-","-","-","-","-","-","-","-","-","-","-","-","-","-","-","-","-"
"805388751623122944","https://twitter.com/DataBzh/status/805388751623122944","#AWS met son #machinelearning à disposition des développeurs : https://t.co/uVL301XUBx","2016-12-04 12:30 +0000","215.0","1.0","0.004651162790697674","0.0","0.0","0.0","0.0","1.0","0.0","0.0","0.0","0","0","0","0","0","0","0","-","-","-","-","-","-","-","-","-","-","-","-","-","-","-","-","-","-"
"805368624353517568","https://twitter.com/DataBzh/status/805368624353517568","#MachineLearning vs #Statistics : https://t.co/wV3zXQHh2O via @kdnuggets","2016-12-04 11:10 +0000","170.0","1.0","0.0058823529411764705","0.0","0.0","1.0","0.0","0.0","0.0","0.0","0.0","0","0","0","0","0","0","0","-","-","-","-","-","-","-","-","-","-","-","-","-","-","-","-","-","-"
"805347182706622464","https://twitter.com/DataBzh/status/805347182706622464","RT @kalydeoo: La #data inspire créativement la campagne Spotify via @Siecledigital : https://t.co/mSnchoMl3p","2016-12-04 09:45 +0000","300.0","6.0","0.02","1.0","0.0","1.0","2.0","1.0","0.0","1.0","0.0","0","0","0","0","0","0","0","-","-","-","-","-","-","-","-","-","-","-","-","-","-","-","-","-","-"
"805320870457655297","https://twitter.com/DataBzh/status/805320870457655297","A Complete Tutorial on Tree Based Modeling from Scratch (in #RStats &amp; #Python) https://t.co/Qaw4a4kZdQ","2016-12-04 08:00 +0000","432.0","5.0","0.011574074074074073","3.0","0.0","2.0","0.0","0.0","0.0","0.0","0.0","0","0","0","0","0","0","0","-","-","-","-","-","-","-","-","-","-","-","-","-","-","-","-","-","-"
"805306295951781888","https://twitter.com/DataBzh/status/805306295951781888","Rennes Data Club — Rejoignez nous sur Meetup ! https://t.co/BtVwPHYL90 #actu","2016-12-04 07:02 +0000","501.0","12.0","0.023952095808383235","2.0","0.0","1.0","1.0","5.0","0.0","3.0","0.0","0","0","0","0","0","0","0","-","-","-","-","-","-","-","-","-","-","-","-","-","-","-","-","-","-"
"805095574844407810","https://twitter.com/DataBzh/status/805095574844407810","Richard Socher on the future of #deeplearning : https://t.co/kI0HZrB4nb","2016-12-03 17:05 +0000","189.0","5.0","0.026455026455026454","1.0","0.0","1.0","0.0","1.0","0.0","2.0","0.0","0","0","0","0","0","0","0","-","-","-","-","-","-","-","-","-","-","-","-","-","-","-","-","-","-"
"805047757081874432","https://twitter.com/DataBzh/status/805047757081874432","Nine Main Challenges in #BigData Security | #DataCenter Knowledge : https://t.co/Ym88bENMi7","2016-12-03 13:55 +0000","219.0","2.0","0.0091324200913242","0.0","0.0","0.0","0.0","0.0","0.0","2.0","0.0","0","0","0","0","0","0","0","-","-","-","-","-","-","-","-","-","-","-","-","-","-","-","-","-","-"
"805046491219980289","https://twitter.com/DataBzh/status/805046491219980289","The Top 7 #BigData Trends for 2017 - by @vanrijmenam : https://t.co/OAzYlfuMdQ #BigData via @datafloq","2016-12-03 13:50 +0000","237.0","3.0","0.012658227848101266","1.0","0.0","0.0","0.0","2.0","0.0","0.0","0.0","0","0","0","0","0","0","0","-","-","-","-","-","-","-","-","-","-","-","-","-","-","-","-","-","-"
"805003875258339328","https://twitter.com/DataBzh/status/805003875258339328","Learn to Analyze #BigData with #RStats - Free Course : https://t.co/HcDlahdTst via @ryanswanstrom","2016-12-03 11:00 +0000","214.0","3.0","0.014018691588785047","0.0","0.0","1.0","0.0","1.0","0.0","1.0","0.0","0","0","0","0","0","0","0","-","-","-","-","-","-","-","-","-","-","-","-","-","-","-","-","-","-"
"804960911756820480","https://twitter.com/DataBzh/status/804960911756820480","#RStats — How to create a #ggplot2 Theme - Unicorn Edition : https://t.co/x9oegiP3bJ","2016-12-03 08:10 +0000","166.0","1.0","0.006024096385542169","0.0","0.0","0.0","0.0","1.0","0.0","0.0","0.0","0","0","0","0","0","0","0","-","-","-","-","-","-","-","-","-","-","-","-","-","-","-","-","-","-"
"804928327001735168","https://twitter.com/DataBzh/status/804928327001735168","#OpenData — Les données des études d'impact sur la biodiversité seront bientôt en libre accès : https://t.co/2W7AozJPDA","2016-12-03 06:00 +0000","256.0","4.0","0.015625","1.0","0.0","2.0","0.0","1.0","0.0","0.0","0.0","0","0","0","0","0","0","0","-","-","-","-","-","-","-","-","-","-","-","-","-","-","-","-","-","-"
"804733235511042048","https://twitter.com/DataBzh/status/804733235511042048","RT @Albrecht_and: Et hop : un petit site qui permet de faire de la #dataviz depuis un dataset CSV en 3 clics : https://t.co/ClWIVgetOo","2016-12-02 17:05 +0000","202.0","7.0","0.034653465346534656","0.0","0.0","1.0","0.0","5.0","1.0","0.0","0.0","0","0","0","0","0","0","0","-","-","-","-","-","-","-","-","-","-","-","-","-","-","-","-","-","-"
"804724848836640768","https://twitter.com/DataBzh/status/804724848836640768","""Il est important d'apprendre à savoir distinguer les erreurs des IA"" — @AymericPM #DigitalTC","2016-12-02 16:32 +0000","229.0","1.0","0.004366812227074236","0.0","0.0","0.0","1.0","0.0","0.0","0.0","0.0","0","0","0","0","0","0","0","-","-","-","-","-","-","-","-","-","-","-","-","-","-","-","-","-","-"
"804716045927849985","https://twitter.com/DataBzh/status/804716045927849985","Coucou #ggplot2 ! 
@francoispachet #DigitalTC 
#RStats https://t.co/oi9IHW6Whk","2016-12-02 15:57 +0000","260.0","6.0","0.023076923076923078","0.0","0.0","1.0","0.0","0.0","1.0","0.0","0.0","0","0","0","0","0","4","4","-","-","-","-","-","-","-","-","-","-","-","-","-","-","-","-","-","-"
"804694242409021440","https://twitter.com/DataBzh/status/804694242409021440","#Python — 3 livres à lire en octobre https://t.co/q5h0xHiUPO #lecture","2016-12-02 14:30 +0000","228.0","3.0","0.013157894736842105","1.0","0.0","0.0","0.0","2.0","0.0","0.0","0.0","0","0","0","0","0","0","0","-","-","-","-","-","-","-","-","-","-","-","-","-","-","-","-","-","-"
"804692188051472384","https://twitter.com/DataBzh/status/804692188051472384","""On a donné à l'homme la possibilité d'adapter son environnement à ses besoins"" — @cchaudoit #DigitalTC","2016-12-02 14:22 +0000","329.0","3.0","0.00911854103343465","0.0","0.0","2.0","0.0","0.0","1.0","0.0","0.0","0","0","0","0","0","0","0","-","-","-","-","-","-","-","-","-","-","-","-","-","-","-","-","-","-"
"804647352082558976","https://twitter.com/DataBzh/status/804647352082558976","""Deux facteurs sont importants : trier par ordre de pertinence et garder la sécurité des données"" Shirine Benhenda #DigitalTC https://t.co/DfVwn3xXv5","2016-12-02 11:24 +0000","290.0","7.0","0.02413793103448276","0.0","0.0","0.0","1.0","0.0","1.0","1.0","0.0","0","0","0","0","0","4","4","-","-","-","-","-","-","-","-","-","-","-","-","-","-","-","-","-","-"
"804639413083013121","https://twitter.com/DataBzh/status/804639413083013121","""We can see a lot of opportunities for the computer to support creativity"" — @JohnRSmithMM, @IBMWatson 
#DigitalTC","2016-12-02 10:52 +0000","297.0","3.0","0.010101010101010102","2.0","0.0","0.0","0.0","0.0","1.0","0.0","0.0","0","0","0","0","0","0","0","-","-","-","-","-","-","-","-","-","-","-","-","-","-","-","-","-","-"
"804631305572982784","https://twitter.com/DataBzh/status/804631305572982784","""Notre cerveau s'attache à certains détails et reconstitue tout ce qu'il manque"" — Gaspard Breton #DigitalTC","2016-12-02 10:20 +0000","283.0","3.0","0.01060070671378092","0.0","0.0","1.0","1.0","0.0","1.0","0.0","0.0","0","0","0","0","0","0","0","-","-","-","-","-","-","-","-","-","-","-","-","-","-","-","-","-","-"
"804622505549893632","https://twitter.com/DataBzh/status/804622505549893632","""La modélisation, ce n'est pas suffisant : on ne sait pas faire autrement que recopier le réel"" — Gaspard Breton. 
#DigitalTC","2016-12-02 09:45 +0000","433.0","5.0","0.011547344110854504","1.0","0.0","2.0","1.0","0.0","0.0","1.0","0.0","0","0","0","0","0","0","0","-","-","-","-","-","-","-","-","-","-","-","-","-","-","-","-","-","-"
"804612668728479745","https://twitter.com/DataBzh/status/804612668728479745","Lancement de la #DigitalTC par @StanHintzy et @BerthouPierre à l @OperadeRennes https://t.co/F6I6eATPiZ","2016-12-02 09:06 +0000","1068.0","9.0","0.008426966292134831","1.0","0.0","0.0","2.0","0.0","3.0","2.0","0.0","0","0","0","0","0","1","1","-","-","-","-","-","-","-","-","-","-","-","-","-","-","-","-","-","-"
"804598621505224704","https://twitter.com/DataBzh/status/804598621505224704","A new `subprocess` package for #RStats : https://t.co/6XDAVFyHqq via @rbloggers","2016-12-02 08:10 +0000","183.0","0.0","0.0","0.0","0.0","0.0","0.0","0.0","0.0","0.0","0.0","0","0","0","0","0","0","0","-","-","-","-","-","-","-","-","-","-","-","-","-","-","-","-","-","-"
"804584693102444544","https://twitter.com/DataBzh/status/804584693102444544","Jupyter And R #Markdown: Notebooks With #RStats : https://t.co/gPILwxl5ob via @DataCamp","2016-12-02 07:15 +0000","396.0","5.0","0.012626262626262626","1.0","0.0","1.0","0.0","3.0","0.0","0.0","0.0","0","0","0","0","0","0","0","-","-","-","-","-","-","-","-","-","-","-","-","-","-","-","-","-","-"
"804579557135306752","https://twitter.com/DataBzh/status/804579557135306752","#Rennes — La #DigitalTC, cest aujourd'hui ! https://t.co/GU5NJtOoPt","2016-12-02 06:54 +0000","229.0","5.0","0.021834061135371178","0.0","0.0","1.0","2.0","2.0","0.0","0.0","0.0","0","0","0","0","0","0","0","-","-","-","-","-","-","-","-","-","-","-","-","-","-","-","-","-","-"
"804569577111875584","https://twitter.com/DataBzh/status/804569577111875584","#SocialMedia — Extract #Twitter #Data Automatically using Scheduler R package : https://t.co/qC3pPx4JEm #rstats via @datascienceplus","2016-12-02 06:15 +0000","353.0","2.0","0.0056657223796034","2.0","0.0","0.0","0.0","0.0","0.0","0.0","0.0","0","0","0","0","0","0","0","-","-","-","-","-","-","-","-","-","-","-","-","-","-","-","-","-","-"
"804433778747801600","https://twitter.com/DataBzh/status/804433778747801600","On vous y donne rendez vous demain ! 🙋 ☺ https://t.co/hYZrKIJ2KO","2016-12-01 21:15 +0000","376.0","4.0","0.010638297872340425","1.0","0.0","2.0","1.0","0.0","0.0","0.0","0.0","0","0","0","0","0","0","0","-","-","-","-","-","-","-","-","-","-","-","-","-","-","-","-","-","-"
"804372093467037697","https://twitter.com/DataBzh/status/804372093467037697","Simulation in #RStats For AP Statistics : https://t.co/jP6CoeWyy7 via @Kevtech","2016-12-01 17:10 +0000","218.0","1.0","0.0045871559633027525","0.0","0.0","0.0","0.0","1.0","0.0","0.0","0.0","0","0","0","0","0","0","0","-","-","-","-","-","-","-","-","-","-","-","-","-","-","-","-","-","-"
"804361970195513347","https://twitter.com/DataBzh/status/804361970195513347","07 Juillet — Data Bzh à l'Apéro StoryCode « nouvelles écritures » de Rennes https://t.co/nwZxTDndNi #actu","2016-12-01 16:30 +0000","236.0","2.0","0.00847457627118644","0.0","0.0","1.0","0.0","1.0","0.0","0.0","0.0","0","0","0","0","0","0","0","-","-","-","-","-","-","-","-","-","-","-","-","-","-","-","-","-","-"
"804325548101140485","https://twitter.com/DataBzh/status/804325548101140485","The Role of #Data in Statistical Modeling and #MachineLearning : https://t.co/VPayqsvsb1","2016-12-01 14:05 +0000","194.0","2.0","0.010309278350515464","1.0","0.0","0.0","0.0","1.0","0.0","0.0","0.0","0","0","0","0","0","0","0","-","-","-","-","-","-","-","-","-","-","-","-","-","-","-","-","-","-"
"804309970489577476","https://twitter.com/DataBzh/status/804309970489577476","Datasnack #38 — Les ports de Bretagne https://t.co/4z6yyd5w9d https://t.co/jiWl5yRlOU","2016-12-01 13:03 +0000","264.0","1.0","0.003787878787878788","0.0","0.0","0.0","0.0","1.0","0.0","0.0","0.0","0","0","0","0","0","0","0","-","-","-","-","-","-","-","-","-","-","-","-","-","-","-","-","-","-"
"804279138970386432","https://twitter.com/DataBzh/status/804279138970386432","RCloud – #DevOps for #DataScience : https://t.co/1HoEBUIwxe via @kdnuggets","2016-12-01 11:01 +0000","203.0","2.0","0.009852216748768473","0.0","0.0","2.0","0.0","0.0","0.0","0.0","0.0","0","0","0","0","0","0","0","-","-","-","-","-","-","-","-","-","-","-","-","-","-","-","-","-","-"
"804231121017962496","https://twitter.com/DataBzh/status/804231121017962496","Introduction to Machine Learning for Developers : https://t.co/zFP7Lf4BPq via @kdnuggets","2016-12-01 07:50 +0000","162.0","1.0","0.006172839506172839","0.0","0.0","0.0","0.0","1.0","0.0","0.0","0.0","0","0","0","0","0","0","0","-","-","-","-","-","-","-","-","-","-","-","-","-","-","-","-","-","-"
"804221055405539328","https://twitter.com/DataBzh/status/804221055405539328",".@Tessilab renforce sa compétence en #MachineLearning : https://t.co/ldl6UQwcMJ","2016-12-01 07:10 +0000","179.0","0.0","0.0","0.0","0.0","0.0","0.0","0.0","0.0","0.0","0.0","0","0","0","0","0","0","0","-","-","-","-","-","-","-","-","-","-","-","-","-","-","-","-","-","-"
"804203532178063360","https://twitter.com/DataBzh/status/804203532178063360","elasticsearchr - a Lightweight #Elasticsearch Client for #RStats : https://t.co/cLawYp08EN","2016-12-01 06:00 +0000","240.0","2.0","0.008333333333333333","0.0","0.0","0.0","0.0","1.0","0.0","1.0","0.0","0","0","0","0","0","0","0","-","-","-","-","-","-","-","-","-","-","-","-","-","-","-","-","-","-"
